;seg_id;start;end;speaker;transcription;translation;DI;label
0;De_Dienst_afl_3_seg_0;0 days 00:00:00;0 days 00:00:05.160000;Andrea; Ik heb eens een kwartier lang naast een target gezeten in een wachtruimte.; I was sitting next to his target for a quarter of an hour in a waiting room.;;
1;De_Dienst_afl_3_seg_1;0 days 00:00:05.160000;0 days 00:00:30.880000;Mixed; En we hebben elkaar keurige dag gezegd en ik zat echt naast hem en ik dacht jij moest eens weten wat ik van jou weet en jij weet niets van mij. Wat doe je als je het vermoeden hebt dat iemand een gevaar kan zijn?; Oh yes. And we said nice things to each other. And I was really next to him. And I thought you had to know what I know about you. And you know nothing about me. What do you do when you suspect that someone can be a danger? And how is it to keep an eye on a target for a long time? I can look inside the AIVD, the service that normally keeps the doors closed.;;
2;De_Dienst_afl_3_seg_2;0 days 00:00:30.880000;0 days 00:00:47.480000;Liesbeth; En hoe is het om een target langdurig in de gaten te houden? Ik mag binnenkijken bij de AIVD, de dienst die normaal de deuren gesloten houdt en vandaag is mijn derde dag als bewerker. Ik ga verder met het onderzoek naar Sander en hoop mensen te spreken die me dichter bij; And today is my third day as a contractor. I continue my research with Sander and hope to speak to people who may be interested in the AIVD. And I hope to speak to people who may be interested in the AIVD. I continue my research with Sander and hope to speak to people who may be interested in the AIVD.;;
3;De_Dienst_afl_3_seg_3;0 days 00:00:47.600000;0 days 00:00:55.280000;Andrea; hem gaan brengen. Ik luister naar iemand's stem. Als ik een paar weken naar iemand geluisterd heb dan ken ik hem echt wel heel aardig.; I listen to someone's voice. If I have listened to someone for a few weeks, I know them very well.;;
4;De_Dienst_afl_3_seg_4;0 days 00:00:55.280000;0 days 00:01:00.160000;Liesbeth; Wat voor een persoon is het? Zijn de losse puzzelstukjes iets om ons zorgen over te maken?; What kind of person is it? Are the loose pieces of puzzle something to make us worry about?;;
5;De_Dienst_afl_3_seg_5;0 days 00:01:00.160000;0 days 00:01:09.560000;Marja; Op dat filmpje is een jonge man te zien en die roept naar de omstanders. We gaan de oorlog terugbrengen naar de ongelovigen en we brengen de oorlog terug naar Nederland.; In that video you can see a young man who calls out to the circumstances. We are going to bring the war back to the unbelievers. And we are going to bring the war back to the Netherlands.;;
6;De_Dienst_afl_3_seg_6;0 days 00:01:09.560000;0 days 00:01:40.040000;Liesbeth; Mijn naam is Lies Petrasker. Je luistert naar de derde aflevering van De Dienst. Dag 3, het voelt al bijna als routine om de bus en trein naar Zoetermeer te pakken. En toen ik gisteren naar huis ging zag ik Bart bij diezelfde bushalte staan. Opeens vroeg ik me af, mag ik hem eigenlijk gedag zeggen als we elkaar buiten tegenkomen?; My name is Lies Petrasker. You are listening to the third episode of De Dienst. Day 3. It almost feels like a routine to take the bus and train to Zoetermeer. And when I went home yesterday, I saw Bart at the same bus stop. Suddenly I ask myself, can I say my thoughts when we meet outside?;;
7;De_Dienst_afl_3_seg_7;0 days 00:01:41;0 days 00:02:16.360000;Bart; Ik vind een compleet normaal en natuurlijk gedrag. Ik ben zelf ook niet operationeel. Ik zit wel in een inlichtingenteam natuurlijk. Maar ik ben daar niet bezig om iemand te observeren of dat ik daar met een bron rondloop. Ik ben vaak wel op mijn hoede om collega's in het wild te gaan groeten. Zeker als ik weet dat het bijvoorbeeld een acquisiteur is omdat ik hem niet wil storen tijdens werk. Mocht iemand aan het werk zijn, dan ben ik wel tuurhoudend in. Maar zoals bij de bushalte, daar gebeurt niks operationeels.; Yes, I think it's completely normal and natural behavior. Of course, I myself am not operational. I mean, I'm in a lighting team, of course. But I'm not there to observe someone. Or that I'm walking around with a source or whatever. I'm often on my guard to greet colleagues in the wild. Especially when I know it's an acquisition. Because I don't want to disturb it during work. If someone is at work. So I'm back in it. But like at the bus stop, nothing happens operationally.;;
8;De_Dienst_afl_3_seg_8;0 days 00:02:16.360000;0 days 00:02:20.920000;Liesbeth; Dus ik heb daar geen probleem mee. Maar als ik Andrea tegen zou komen, dan kan ik haar beter geen gedrag zeggen?; So I don't have a problem with that. But if I met Andrea, I'd better not tell her my thoughts.;;
9;De_Dienst_afl_3_seg_9;0 days 00:02:20.920000;0 days 00:02:22.040000;Bart; Nee, dat zou ik niet doen.; No, I wouldn't do that.;;
10;De_Dienst_afl_3_seg_10;0 days 00:02:25.960000;0 days 00:02:32.200000;Liesbeth; Maar alles leuk en aardig. Gisteren kreeg ik een voicemail van Bart dat er een ISIS-vlag was gezien. En dat is nogal wat.; But everything is fun and nice. Yesterday I got a voicemail from Bart that there was an ISIS flag seen. And that's still something.;;
11;De_Dienst_afl_3_seg_11;0 days 00:02:33.160000;0 days 00:02:49.480000;Bart; Het is in ieder geval iets waarvan ik niet zeg dat dit nou een smoking gun is. Dat doen we sowieso niet zoveel mee met smoking guns binnen het dienst. Maar dit is in ieder geval niet het doorslaggevende feit. Maar wel iets waarvan je denkt, hier krijg ik toch wel een beetje zorgen van.; Well, yes, it's still something. In any case, it's something I don't say. This is a smoking gun. We don't do that so much with smoking guns in service. But this is in any case not the prevailing fact. But something that makes you think, oh, I'm getting a little worried about this.;DI05;(2,)
12;De_Dienst_afl_3_seg_12;0 days 00:02:51.480000;0 days 00:02:53.960000;Liesbeth; Want waar was die vlag gezien of gevonden?; Because where was that flag seen or found?;DI05;(4,)
13;De_Dienst_afl_3_seg_13;0 days 00:02:53.960000;0 days 00:03:34.840000;Bart; Ik kan niet alles vertellen over de telefoon, want je weet niet wie er mee luistert. Dus ik probeer dat ook een beetje beperkt te houden, wat ik zeg. Maar ik wou in ieder geval even aangeven dat er in ieder geval wel een element is waarvan ik denk, hier maak ik me wel een beetje zorgen om. Die docent heeft een glimp opgevangen van een ISIS-vlag op de telefoon, de screensaver van Sander. Dat betekent niet dat iemand daadwerkelijk ook een lid is van ISIS of een sympathisant of wat dan ook. Je kan ook gewoon een beetje vervelend doen en een beetje provoceren. Maar ja, het telt een beetje op in datgene wat je gezien hebt.; Well, that's an element. I can't tell you everything about the phone. Because you don't know who's listening. So I'm trying to keep that a bit limited. But I wanted to point out that there is an element that makes me a little worried. The teacher caught a glimpse of an ISIS flag on the phone. The screensaver of Sander. That doesn't mean that someone is actually a member of ISIS. Or a sympathizer or whatever. You can also just do something a bit annoying and provoke a bit. But yes, it counts a bit in what you've seen.;DI05;(1, 2)
14;De_Dienst_afl_3_seg_14;0 days 00:03:36.440000;0 days 00:03:43.480000;Liesbeth; Daarnaast hebben we Andrea op pad gestuurd om te praten met zijn docent en zijn huisgenoot Linda. Wat hebben die gesprekken opgeleverd?; After that, we sent Andrea on the road to talk to his teacher and his roommate Linda. What did those conversations deliver?;DI05;(1, 4)
15;De_Dienst_afl_3_seg_15;0 days 00:03:43.480000;0 days 00:04:00.760000;Bart; Sander is een Nederlandse jongen, maar heeft een Algerijnse moeder. En hij is niet als moslim opgevoed, maar op latere leeftijd is hij zich daarvoor gaan interesseren. En hij is een soort herbekeerling, wat we ook wel eens zo noemen.; Sander is a Dutch young man. But he has an Algerian mother. And he is not raised as a Muslim. But at a later age, he started to get interested in it. And he is a kind of rebecker, as we sometimes call it.;DI05;(1,)
16;De_Dienst_afl_3_seg_16;0 days 00:04:00.760000;0 days 00:04:01.560000;Liesbeth; Een herbekeerling.; A rebecker.;DI05;(1,)
17;De_Dienst_afl_3_seg_17;0 days 00:04:01.560000;0 days 00:05:23.880000;Bart; Een herbekeerling, dus iemand die wel moslim roots heeft, maar er eigenlijk niet actief iets mee gedaan heeft. En pas op latere leeftijd dat hij een beetje gaat herontdekken. Linda was niet heel erg op haar gemak toen ze werd gesproken. Dat kan natuurlijk zijn vanwege het feit dat ze met de AIVD spreekt, maar het had ook te maken met dat ze toch een beetje bang is voor Sander. Of in ieder geval dat ze zich heel ongemakkelijk bijvoelt. In het begin dat zij samen kwamen te wonen, dat is al een paar jaar geleden, op die studentenflat, toen gingen ze eigenlijk heel vriendschappelijk met elkaar om. Sander is een wat bijzondere jongen, hij is wat rigide in zijn opvattingen, af en toe ook wel radicale opvattingen. Maar goed, dat vond ze eigenlijk ook altijd wel leuk, gewoon goede gesprekken met hem gehad. En ze gingen echt op vriendschappelijke voet met elkaar om. Alleen Sander werd eigenlijk steeds wat strikter in zijn opvattingen van de islam. Je zag het aan zijn uiterlijk, hij ging zijn baard laten staan, hij ging andere kleding dragen, maar op een gegeven ogenblik ook in zijn gedrag. En dat begon ze eigenlijk vervelend te vinden, want het werd echt heel afstandelijk. Hij wilde haar geen hand meer geven, hij wilde niet meer met haar alleen in één ruimte zitten. Dat vond ze gewoon heel moeilijk om daarmee om te gaan. Op dit moment hebben ze eigenlijk nauwelijks meer contact met elkaar en ze vinden het gewoon een beetje een nare situatie.; A rebecker. So someone who does have Muslim roots. But has actually not actively done anything with it. And only at a later age that he will rediscover a bit. Linda was not very comfortable with her. When she was spoken. That can of course be due to the fact that she speaks with the AIVD. But it also had to do with the fact that she is a bit afraid of Sander. Or at least that she feels very uncomfortable. In the beginning that they came to live together. It was a few years ago on that student flat. Then they actually got along very friendly with each other. Sander is a bit of a special boy. He is a bit rigid in his views. Sometimes radical views. But anyway, she actually liked that. Just had good conversations with him. And they really got along with each other on a friendly level. But Sander actually became a bit stricter in his views of Islam. And yes, you saw it on his appearance. He was going to leave his beard. He was going to wear other clothes. But at some point also in his behavior. And she actually started to find that annoying. Because it really became very distant. He didn't want to give her a hand anymore. He didn't want to be alone with her in one room anymore. Yes, she just found it very difficult to deal with that. At the moment they hardly have more contact with each other. And yes, they just find it a bit of a nasty situation.;DI05;(1,)
18;De_Dienst_afl_3_seg_18;0 days 00:05:23.880000;0 days 00:05:25;Liesbeth; Maar ze wonen wel nog samen?; But they still live together.;DI05;(4,)
19;De_Dienst_afl_3_seg_19;0 days 00:05:25;0 days 00:08:48.560000;Bart; Ze wonen daar nog wel in de studentenwoning. De docent was het ook al opgevallen dat Sander zich anders is gaan kleden. Je had ook de baard en de kleding en dergelijke, maar goed dat kan gewoon een gevalletje zijn van mensen die gewoon wat orthodoxer zijn. Dus daar was hij eigenlijk niet op aangeslagen. Maar hij heeft in het voorbijgaan, dat was eigenlijk het eerste element wat hij gezien had, dat hij had gezien dat er een zwarte ISIS-vlag op zijn screensaver stond van zijn telefoon. Daar was hij echt al een beetje op aangeslagen. Hij had nog even gecheckt op internet, was dat nou echt die ISIS-vlag? Ja, hij zag wel dat het echt die ISIS-vlag was. Sander komt al maanden niet meer naar de colleges. Het enige wat hij bezoekt zijn de practica. Dus het concreet omgaan met chemische stoffen. En tijdens die practica heeft Sander zijn vragen gesteld over explosieve stoffen. En het ging echt alleen maar over explosieve stoffen. Toen de docent hem daarop aansprak van waarom vraag je alleen maar dat en waarom heb je het niet over de andere zaken die passen in het curriculum van dit hele trimester. Maakte Sander de indruk dat hij eigenlijk niet meer zo geïnteresseerd is in de studie zelf en dat hij gewoon concrete informatie wil hebben. Dat leek erop alsof hij die studie eigenlijk helemaal niet af wil maken. De docent wist ook nog te melden om wat voor stoffen het ging. Wat voor stoffen werden genoemd en misschien is dat goed om ook nog even op te schrijven. Ethyldiamine. Waterstofperoxyden van een hoge concentratie. En wat ook wel opvallend was is dat de docent Sander een keer heeft betrapt met een fles nitromethaan bij de chemikalie kast. En Sander zette die fles snel terug toen hij merkte dat de docent zag dat hij dat in zijn handen had. Ik heb een van onze explosieve experts deze namen van deze stoffen voorgelegd. En zij gaf aan dat dit echt wel elementen zijn, bestanddelen zouden kunnen zijn voor een explosief. Dan is er nog een ander element. Dat is dat een medestudent met een moslim achtergrond. Het is opgevallen, die heeft een beetje een geschilletje gehad met Sander. Dat was omdat Sander had zijn oortjes op tijdens een practicum. En de medestudent hoorde dat er op zijn telefoon jihadistische nasheeds werden afgedraaid. Nasheeds zijn een soort gezangen zonder muziek. En heel vaak zit daar een soort jihadistische component in. En omdat deze jongen het Arabisch verstond en hoorde waarover gezongen werd, kon je ook echt horen dat het jihadisme ging. Die student heeft hem daarop aangesproken. En Sander die zei dat hij zijn bek moest houden omdat hij een nep moslim was. Ik vind het nogal wat.; They still lived together in that student flat. The teacher had already noticed that Sander was going to dress differently. Indeed, also the beard and the clothes and so on. But hey, that could just be a case of people who are just a bit orthodox. But he wasn't really interested in that. But he passed it. That was actually the first element that he had seen. That he had seen that there was a black ISIS flag on his screensaver. Of his phone. He was really a bit interested in that. He had checked it on the internet. Was that really the ISIS flag? Yes, he saw that it was really the ISIS flag. Sander has not been coming to the colleges for months. The only thing he visits is the practice. So really the concrete handling of chemical substances. And during that practice, Sander asked his questions about explosive substances. And it was really just about explosive substances. When the teacher asked him about it. Why do you only ask that? And why don't you talk about the other things that fit in the curriculum of this whole semester. Sander makes the impression that he is no longer so interested in the study itself. And that he just wants concrete information. It seemed as if he didn't want to finish the study at all. The teacher also knew how to report what kind of substances it was. The substances were mentioned. Maybe it's good to write that down. Ethyl diamine. Hydrogen peroxide from a high concentration. And what was also striking. Is that the teacher once caught Sander. With a bottle of nitromethane. At the chemical cabinet. And Sander put that bottle back quickly. When he noticed that the teacher saw that he had it in his hands. I have one of our explosive experts. These names of these substances. And she assumed. That these really are elements. At least could be components for an explosive. Then there is another element. That is that a fellow student with a Muslim background. It has been noticed. He had a bit of a fight with Sander. That was because Sander had his ears on during his internship. And the fellow student heard. That jihadist nasheeds were being played on his phone. Nasheeds are a kind of singing. Without music. And very often there is a kind of jihadist component in it. And because this boy understood Arabic and heard what was being sung. He could really hear that jihadism was going on. That student talked to him about it. And Sander said he had to keep his mouth shut.;DI05;(1, 2)
20;De_Dienst_afl_3_seg_20;0 days 00:08:48.560000;0 days 00:10:01.560000;Liesbeth; Het begint nu wel echt een serieus verhaal te worden. Van mijn verhaal dat het ook gewoon een geïnteresseerde student kan zijn, blijft weinig over. Ik denk wel dat er nu wel heel veel losse puzzelstukjes zijn die toch wel gevaarlijk kunnen zijn. Dan krijg ik het beeld van een jonge boze jongen. Die, wat je zei, de bekeerlingen zijn vaak sowieso wat radicaler in hun standpunten. Nou, rigide. Ja, dat bedoel ik. Dat ze gewoon wat standvastiger kunnen zijn en nog minder de nuance erin kunnen vinden. En als Linda zich al een paar jaar dit medische ziet gebeuren, en de docent ook, dan lijkt het alsof hij heel langzaam maar zeker ergens toch naar een andere kant aan het glijden is. En hij heeft dus dagelijks contact met die radicale prediker. Die al langer bekend staat dat hij er dit soort denkbeelden op na houdt. In combinatie met dat hij de bekeerlingen van de jonge boze jongen, in combinatie met dat hij actief op zoek is naar informatie over en stoffen om een explosief mee te maken, vraag je je af waarom je dat dan wil gaan doen?; Because he was a fake Muslim. I think something. Yes. It's starting to become a serious story now. From my story that it can be just an interested student. There is little left. I think there are a lot of loose pieces of puzzle. That can be dangerous. Then I get the image of a young angry boy. The students are often more radical in their points of view. Rigid. Rigid indeed. That they can be more stable. And can find the nuances in it even less. And if Linda has been watching this for a few years. And the teacher too. Then it seems as if he is slowly but surely going to a different direction. And he has daily contact with that radical preacher. Who has been known for a long time that he keeps these kinds of ideas. In combination with the fact that he is actively looking for information about and substances. To make an explosive. Do you ask yourself why you want to do that?;DI05;(1, 2)
21;De_Dienst_afl_3_seg_21;0 days 00:10:06.560000;0 days 00:10:33.560000;Bart; Wat wel belangrijk is, je hebt nu een x aantal dingen op een rijtje gezet, waarmee dat onheimische gevoel eigenlijk een beetje verwoordt. Alleen het vervelende is dat een onheimisch gevoel onvoldoende is om dan gelijk ook middelen in te zetten. Dus we moeten het even heel goed concretiseren wat het nou is. Laten we even beginnen bij het begin. Hij wordt steeds geloviger en ik denk met name het verhaal van Linda onderbouwt dat.; What is important is that you have now put a number of things on a list. With which that unheimic feeling is actually a bit distorted. Yes. But the annoying thing is that an unheimic feeling is insufficient to immediately put the middle in. So we really have to concretize it very well what it is. Let's start with the beginning. He is becoming more and more religious. And I think especially the story of Linda substantiates that.;DI05;(1, 2)
22;De_Dienst_afl_3_seg_22;0 days 00:10:33.560000;0 days 00:10:51.560000;Liesbeth; Welke elementen hebben we daarin? Uiterlijk, hij laat zijn baard staan, meer orthodoxe kenmerken, maar ook de omgang met vrouwen. Geen hand meer willen geven, dat daar een afstand in aan het ontstaan is. En de docent onderschrijft dat, je ziet dat ook.; What elements do we have in it? Externally. He leaves his beard. More orthodox characteristics. But also the approach to women. That they no longer want to give a hand. That a distance is being created. And the teacher subscribes that. I see that too.;DI05;(1, 2)
23;De_Dienst_afl_3_seg_23;0 days 00:10:51.560000;0 days 00:11:01.560000;Bart; Alleen dat orthodox is allemaal nog, daar kun je wat van vinden, maar dat is gewoon, dat mag. Als we dan even over gaan naar het radicale aspect, wat heb je dan?; Yes. Only that orthodox is still ... You can find something about that. But that is just allowed. If we then move on to the radical aspect. What do you have then?;DI05;(2, 4)
24;De_Dienst_afl_3_seg_24;0 days 00:11:01.560000;0 days 00:11:02.560000;Liesbeth; De Isis-vlag.; The ISIS flag.;DI05;(1,)
25;De_Dienst_afl_3_seg_25;0 days 00:11:02.560000;0 days 00:11:07.560000;Bart; Dat is al vrij richting theobresma natuurlijk, maar als je het dan over het radicale hebt?; That is already free towards terrorism, of course. But if you talk about the radical ...;DI05;(4,)
26;De_Dienst_afl_3_seg_26;0 days 00:11:08.560000;0 days 00:11:12.560000;Liesbeth; Ik vermoed als contact met deze prediger, Mehmet.; Then ... I suspect contact with this preacher.;DI05;(1, 2)
27;De_Dienst_afl_3_seg_27;0 days 00:11:12.560000;0 days 00:11:14.560000;Bart; Ja, Mehmet Urdgun.; Mehmet. Mehmet Ötgün.;DI05;(1,)
28;De_Dienst_afl_3_seg_28;0 days 00:11:14.560000;0 days 00:11:21.560000;Liesbeth; En natuurlijk zijn medestudent, die geodistische tekst heeft, horen, luisteren.; And of course his fellow student. Who has a Jihadist text. Hearing, listening.;DI05;(1, 2)
29;De_Dienst_afl_3_seg_29;0 days 00:11:21.560000;0 days 00:11:45.560000;Bart; Ja, die vind ik inderdaad ook wel. Vlag is nog iets van mogelijke provocatie van anderen, omdat je stoer bent te doen. Maar als je daadwerkelijk dingen aan het luisteren bent, ja dat is wel iets anders. Opmerking, je bent een nep-moslim. Ja, dat vind ik ook wel goed. Verder is hij natuurlijk ook aanwezig geweest bij die demonstratie van die radicale groep.; Yes, I think that too. Flag is still something of ... Provocation of others. Because that is tough to do. But if you are actually listening to things. Yes, that is ... And his remark. You are a fake Muslim. Yes, I think that is good too. He has also been present at the demonstration. Of that radical group.;DI05;(2,)
30;De_Dienst_afl_3_seg_30;0 days 00:11:45.560000;0 days 00:11:47.560000;Liesbeth; Dat behind bars.; Behind bars.;DI05;(1,)
31;De_Dienst_afl_3_seg_31;0 days 00:11:47.560000;0 days 00:11:53.560000;Bart; Dat is natuurlijk ook een element. Dus het zegt inderdaad iets over waar hij ongeveer staat qua gedachten.; That is of course also an element. So it says something about where he is. About thoughts.;DI05;(2,)
32;De_Dienst_afl_3_seg_32;0 days 00:11:54.560000;0 days 00:12:00.560000;Liesbeth; Al die dingen bij elkaar maken het steeds moeilijker om een andere verklaring te vinden.; All these things together. Make it more and more difficult. To find another explanation.;DI05;(2,)
33;De_Dienst_afl_3_seg_33;0 days 00:12:00.560000;0 days 00:12:40.560000;Bart; Het kan nog steeds zo zijn dat dit gewoon een jongen die orthodox is en die een x aantal radicale ideeën heeft. Maar je mag radicaal zijn in Nederland. Soms is dat vervelend, maar je mag wel radicaal zijn. Er is niks tegen. Het staat niet in de wet dat je niet radicaal mag zijn. Het wordt pas echt ernstig als mensen een intensie en een potentie hebben. Dus de intensie, ik heb een bepaald gedachtegoed en ik ben bereid om daar bepaalde dingen voor te gaan doen. Dat kan je ook nog hebben, maar als je niet de wapens of allerlei andere middelen hebt om daadwerkelijk er toe over te gaan, dan heb je nog niks. Dus die potentie moet er ook wel bij zijn. De practica, zijn lessen, de gehele studie, chemical engineering.; Yes, look, it can still be so. That this is just a boy who is orthodox. And who has a number of radical ideas. But you can be radical in the Netherlands. Sometimes it is annoying, but you can be radical. There is nothing against it. It is not in the law that you are not allowed to be radical. It only gets serious when people have an intention and a potential. So the intention, I want ... I have a certain idea. And I am ready to do certain things for it. You can still have that. But if you do not have the weapons or other means. To actually get over it. Then you have nothing.;DI05;(2,)
34;De_Dienst_afl_3_seg_34;0 days 00:12:40.560000;0 days 00:12:47.560000;Liesbeth; Sander heeft inmiddels best een hoop kennis van zaken. En dus potentie. Ja, wat zou je willen doen?; So that potential must also be there. The practice, his lessons, the whole study. Chemical engineering. Sander now has quite a lot of knowledge of things.;DI05;(1, 2, 4)
35;De_Dienst_afl_3_seg_35;0 days 00:12:51.560000;0 days 00:13:05.560000;Mixed; Ik zou eigenlijk nu wel eens willen horen waar die gesprekken over gaan met Mehmet. Ja, snap ik. Ik ook. En dat zegt mijn gevoel ook, maar ik moet zeggen, ik mis nog wel iets in de argumentatie.; So potential. Yes, what would you like to do? I would like to hear what those conversations are about. With Mehmet. I understand.;DI05;(2, 3)
36;De_Dienst_afl_3_seg_36;0 days 00:13:06.560000;0 days 00:13:20.560000;Bart; Ik denk wel dat het goed is dat we de gesprekken met Mehmet hebben. Ik denk wel dat het goed is dat we nog eventjes teruggaan naar Ton. Om te kijken, hebben we het nou eigenlijk genoeg? Ik twijfel namelijk nog heel erg of we hiermee genoeg hebben.; Me too. And that says my feeling too. But I have to say, I still miss something in the argumentation. I do think it is good that we go back to Ton. To see if we actually have enough. I doubt very much if we have enough with this.;DI05;(0,)
37;De_Dienst_afl_3_seg_37;0 days 00:13:20.560000;0 days 00:13:23.560000;music; Ik denk het namelijk niet. Ja.; I do not think so. Yes.;DI05;(2,)
38;De_Dienst_afl_3_seg_38;0 days 00:13:23.560000;0 days 00:13:27.560000;Bart; Het kan nog teveel gewoon een jongen zijn die radicaal in zijn gedachte is.; It can still be too much just a young man. Who is radically in his mind.;DI05;(2,)
39;De_Dienst_afl_3_seg_39;0 days 00:13:27.560000;0 days 00:13:30.560000;Liesbeth; Die loopt te provoceren, die wat wild om zich heen slaat.; Who is going to provoke. Who wants to do something.;DI05;(2,)
40;De_Dienst_afl_3_seg_40;0 days 00:13:30.560000;0 days 00:13:34.560000;Bart; Maar waarvan je eigenlijk nog niet weet of hij daadwerkelijk over zal gaan tot iets.; But of which you actually do not know yet. How far should someone go before you as an IFD say yes?;DI05;(2,)
41;De_Dienst_afl_3_seg_41;0 days 00:13:35.560000;0 days 00:13:43.560000;Liesbeth; We gaan ook heel erg zijn privacy schenden. En dat moet in evenwicht zijn met elkaar. Daar moet iemand gaan voordat je als AFD wel zegt. Ja, ik kan daar geen...; Yes, I can not ... It is not science. I think this is quite a lot, all together.;DI05;(2,)
42;De_Dienst_afl_3_seg_42;0 days 00:13:44.560000;0 days 00:13:45.560000;Bart; Het is geen wiskunde.; And yes, it can be a provoking 20-year-old.;DI05;(2,)
43;De_Dienst_afl_3_seg_43;0 days 00:13:50.560000;0 days 00:14:01.560000;Liesbeth; Ik vind dit best wel veel allemaal bij elkaar. En ja, het kan een provocerende twintiger zijn. Maar hoe bond moet iemand het maken voordat er ingegeven wordt? En voordat we gaan tappen?; But how bond should someone make it before it is given? And before we start tapping? I do not know. I do not know. I do not know. I do not know.;DI05;(2, 4)
44;De_Dienst_afl_3_seg_44;0 days 00:14:02.560000;0 days 00:14:36.560000;Bart; Zullen we het dan zo doen dat ik nog even met Ton hierover ga praten? Ja. Ik ga een aantal zaken aan hem voorleggen. Ik sluit niet uit dat we gaan tappen. Ik denk dat het goed is als je eventjes met een audiobewerker gaat praten. Zeker als je een telefoon tap of een internet tap... of allerlei andere inhoud van communicatie gaat krijgen. Dan kom je eigenlijk tot de essentie. Dan hoor je heel vaak die intentie. Dan hoor je dus, mensen praten met elkaar. Je weet nu nog niet wat Sander over de telefoon bespreekt met Mech met Uzeguni.; Shall we do it that way? That we ... That I'm going to talk to Ton about this. Yes. I'm going to present a number of things to him. I do not rule out that we are going to tap. I think it is good if you talk to an audio processor for a while. Especially if you tap a phone or an internet. Or any other content of communication is going to get. Then you actually come to the essence. Then you often hear those intentions. So people talk to each other. You still do not know what Sander is talking about on the phone with Meghmet Uzguni.;DI05;(2,)
45;De_Dienst_afl_3_seg_45;0 days 00:14:40.560000;0 days 00:14:59.560000;Liesbeth; Ik ga praten met een audiobewerker. Dat is iemand die de taps uiteindelijk gaat beluisteren en analyseren. Vaak zijn dit native speakers en dat kan voor gevoelige situaties zorgen. Want niet elk land of elke cultuur is er blij mee als iemand voor de AIVD besluit te werken. Ik zal in de tram een collega nooit gedacht zeggen.; I'm going to talk to an audio processor. That is someone who will eventually listen and analyze the taps. Often these are native speakers. And that can cause sensitive situations. Because not every country or every culture is happy to work with someone for the IFD decision. I will never say a colleague in the tram.;;
46;De_Dienst_afl_3_seg_46;0 days 00:14:59.560000;0 days 00:15:11.560000;Andrea; Je hoort de stem van Dana. Ik heb zelfs gehad dat ik op mijn vakantieadres een collega twee weken lang heb gezien op afstand. Wij zagen elkaar. We hebben geen moment contact gezocht.; I even had that I saw a colleague on my holiday address for two weeks. At a distance. We saw each other. We did not have a moment to contact.;;
47;De_Dienst_afl_3_seg_47;0 days 00:15:13.560000;0 days 00:15:19.560000;Liesbeth; Zij luistert mensen af, maar nu zit zij voor de microfoon. Hoe vindt ze dat? Heel gek.; Very strange.;;
48;De_Dienst_afl_3_seg_48;0 days 00:15:19.560000;0 days 00:15:28.560000;Andrea; Ja, het is heel gek om zo te mogen praten over iets waar ik eigenlijk niet over mag praten. Nu gaan mensen jou beluisteren.; Yes, it is very strange to be allowed to talk about something that I am not allowed to talk about. Now people are going to listen to you.;;
49;De_Dienst_afl_3_seg_49;0 days 00:15:28.560000;0 days 00:15:33.560000;Liesbeth; Ja, dus ik geef mijn stem weg. Is dat iets waar je over nadenkt?; Yes, so I give my voice away. Yes, is that something you think about?;;
50;De_Dienst_afl_3_seg_50;0 days 00:15:33.560000;0 days 00:15:40.560000;Andrea; Ik weet hoe goed ik een stem kan onthouden. Iemand die ik jaren geleden heb afgeluisterd kan ik nog herkennen.; I know how well I can keep my voice. Someone I listened to years ago, I can still recognize.;;
51;De_Dienst_afl_3_seg_51;0 days 00:15:41.560000;0 days 00:15:46.560000;Liesbeth; Dana is dus audiobewerker. Op de werkvloer worden ze ook wel audio's genoemd.; Dana is therefore an audio processor. On the workflow they are also called audios.;;
52;De_Dienst_afl_3_seg_52;0 days 00:15:46.560000;0 days 00:16:36.560000;Andrea; Een audiobewerker is eigenlijk een taal- en culturspecialist. Een audio luistert, vertaalt en bewerkt alles wat hij binnenkrijgt op de koptelefoon. En dat kan zijn een telefoonopname, het kan zijn een microfoonopname. Daarnaast zijn er audio's die internet-sites bekijken, open informatie vergaren en vertalen en ook weer interpreteren. En het is zo dat ook audio's meegaan naar afspraken. En daar treden ze op als tolkvertaler. Hoeveel talen spreek je zelf? Ehm, even kijken hoor. Nou, uiteraard Nederlands. Ja. En dan heb ik nog wel drie talen die ik wel aardig beheers om te luisteren. En dan nog twee waarvan ik zeg, nou dat is op middelbare schoolniveau.; An audio processor is actually a language and culture specialist. An audio listens, translates and processes. Everything he gets in on the phone. And that can be a phone recording. It can be a microphone recording. In addition, there are audios that look at internet sites. Open information gathering and translating and also interpreting. And it is so that audios also go to agreements. And there they appear as a translator. How many languages ​​do you speak yourself? Let's see. Of course Dutch. And then I have three more languages ​​that I manage to listen to. And then two more of which I say, well, that is at secondary school level.;;
53;De_Dienst_afl_3_seg_53;0 days 00:16:36.560000;0 days 00:16:40.560000;Liesbeth; Als je moet tellen hoeveel talen je spreekt, dan zijn het er nou. Nou, ik spreek ze niet allemaal.; If you have to count how many languages ​​you speak, then they are high. Well, I don't speak them all.;;
54;De_Dienst_afl_3_seg_54;0 days 00:16:40.560000;0 days 00:16:46.560000;Andrea; Ik beluister ze. Dat is wel een heel verschil, vind ik wel. En welke talen zijn dat? Dat ga ik niet overnemen.; I listen to them. That is a big difference, I think. And what languages ​​are they? I'm not going to talk about that.;;
55;De_Dienst_afl_3_seg_55;0 days 00:16:46.560000;0 days 00:16:58.560000;Liesbeth; Dat ga je niet overnemen? Nee. Ze is dus bewust bezig met zo anoniemogelijk te blijven gezien de gevoeligheid van haar werk. Maar hoe gaat ze dan elke dag dit grote gebouw in? Dat is natuurlijk best wel een punt.; So she is deliberately trying to stay as anonymous as possible. Given the sensitivity of her work. But how does she go into this big building every day? That is of course quite a point.;;
56;De_Dienst_afl_3_seg_56;0 days 00:16:58.560000;0 days 00:17:20.560000;Andrea; Iedereen weet wat er in dit gebouw zit. Precies. Dus iedereen die hier naar binnen gaat, die heeft wel een soort stickertje. Ja. Daar denk ik niet aan. Maar ik let wel altijd op voor dat ik naar binnen ga of ik iets raars zie. Ja? Ja. Dan kijk ik of het straatbeeld anders is dan wat ik gewend ben. Maar daar staat boven dat het nog steeds heel leuk werk is.; Everyone knows what is in this building. So everyone who goes in here has a kind of sticker. I don't think about that. But I always pay attention to whether I go in there or see something strange. Yes? Yes. Then I see if the street image is different from what I'm used to. But then it's up there that it's still very nice work.;;
57;De_Dienst_afl_3_seg_57;0 days 00:17:20.560000;0 days 00:17:22.560000;Liesbeth; Je krijgt er even over terug. Ja, vind ik wel.; You really get back to it. Yes, I think so.;;
58;De_Dienst_afl_3_seg_58;0 days 00:17:22.560000;0 days 00:17:33.560000;Andrea; Ja, vind ik wel. Ik heb ook het gevoel dat ik, al is het maar een heel klein druppeltje op die gloeiende plaat, dat ik toch iets doe wat ertoe doet. En ik geloof dat iedereen dat hier zo voelt.; I also have the feeling that even if it's just a very small drop on that glowing record, I still do something that does it. Yes. And I believe that everyone feels that way.;;
59;De_Dienst_afl_3_seg_59;0 days 00:17:33.560000;0 days 00:17:44.560000;Liesbeth; Je zit dus de grootdeel van de dag met de koptelefoon op. Dat klopt. Ja. Hoe is het om zo diep in iemands privé sfeer toe te treden? Nou, dat is heel heftig.; You said you spend most of the day on the phone. That's right. Yes. How is it to enter someone's private sphere so deeply? Well, that's very intense.;;
60;De_Dienst_afl_3_seg_60;0 days 00:17:44.560000;0 days 00:18:14.560000;Andrea; Niet dat ik daar slapeloze nachten van heb, maar ik besef heel goed dat ik een hele grote inbreuk op iemands privé zie maken. En ik weet wat de reden is en dat het nodig is. Maar ik ben me daar wel heel erg van bewust. Zeker als het een microfoonopname is. Ik zit soms naast een kindje wat met een autootje speelt. En ik hoor ook hele intieme dingen. Maar ik hou altijd voor ogen, die taps en die ems, die hebben wij niet voor niets lopen.; Yes. Not that I have sleepless nights there, but I realize very well that I make a very big impact on someone's privacy. Yes. And I know what the reason is and that it is necessary. But I am very conscious of it. Especially when it is a microphone recording. Sometimes I sit next to a child playing with a car. And I also hear very intimate things. But I always keep an eye on those taps and those M's. We don't have them for nothing.;;
61;De_Dienst_afl_3_seg_61;0 days 00:18:14.560000;0 days 00:18:20.560000;Liesbeth; Wat zijn de ems? Een em is een microfoon. Bouw je ook wel eens een band op met iemand dan? Eenzijdig natuurlijk.; What are the M's? An M is a microphone. Do you also build a bond with someone? One-sided, of course.;;
62;De_Dienst_afl_3_seg_62;0 days 00:18:20.560000;0 days 00:18:46.560000;Andrea; Je kan niet ontlopen dat je toch bepaalde empathie kan voelen voor bepaalde personen. Maar ik blijf altijd, moet ik toch objectief blijven. Iedere keer moet ik me er zelf wel even zeggen van ja, we zitten hier niet voor niets te luisteren. Er is wel degelijk wat aan de hand met deze mevrouw of deze meneer. Maar natuurlijk zijn er dingen die gewoon ook heel menselijk zijn. Iemand kan een hele leuke papa zijn.; You can't avoid being able to feel certain empathy for certain people. But I always have to stay objective. Every time I have to tell myself that I'm not here to listen to anything. There is definitely something going on with this woman or this man. But of course there are things that are also very human. Someone can be a very nice dad.;;
63;De_Dienst_afl_3_seg_63;0 days 00:18:47.560000;0 days 00:18:56.560000;Liesbeth; Dus misschien krijgen we straks ook een heel andere kant van Sander te horen. En stel dat we goedkeuring krijgen voor de tap. Wat gaat Dana dan doen?; So maybe we will soon hear a very different side of Sander. And suppose we get approval for the tap. What will Dana do then?;;
64;De_Dienst_afl_3_seg_64;0 days 00:18:56.560000;0 days 00:19:40.560000;Andrea; Het eerste, ik lees de last, zodat ik weet wat er op papier is komen te staan. Daarin wordt precies uitgelegd waarom we een tap aanvragen en wat het doel is. Dat vind ik erg belangrijk om dat zelf te lezen. Maar ik ga ook in gesprek met de bewerker. Want dan kan je pas goed horen waar de behoefte ligt, welke kennis er nodig is. Dan ga ik zitten. En zeker in het begin moet je iemand leren kennen. Dan is het meer aftasten van hoe groot is de kennis, waar praat hij over. Dus in het begin luister je werkelijk iedere gesprek luister je uit. Maar luister je heel geconcentreerd uit en maak je ook een verslag ervan.; First of all, I read the file. So that I know what is on the paper. It explains exactly why we request a tap and what the purpose is. I find it very important to read that. But I also have a conversation with the producer. Because then you can only hear where the need is. Which knowledge is needed. Then I'm going to sit down. And especially in the beginning you have to get to know someone. Then it's more about how big their knowledge is. What is he talking about. So in the beginning you really listen to every conversation. You listen to every conversation. But you listen very concentrated. And you also make a report of it.;;
65;De_Dienst_afl_3_seg_65;0 days 00:19:40.560000;0 days 00:19:46.560000;Liesbeth; En als San naar midden in de nacht belt, wordt het opgenomen en luister jij het de volgende dag terug? Ja.; And if Sander calls in the middle of the night. Will it be recorded and you listen to it the next day? Yes.;;
66;De_Dienst_afl_3_seg_66;0 days 00:19:46.560000;0 days 00:20:12.560000;Andrea; Als er geen dringende zaken zijn, dan is het gewoon dat je aan het begin van de dag de hele opbrengst van de afgelopen 24 uur beluistert. Is er iets dringends, dan zitten we live te luisteren. De ene keer zit ik een uur lang op een gesprek dat misschien maar 10 minuten duurt. Dat kost zoveel tijd om allemaal dingen uit te zoeken. En een andere keer dan fiets je zo maar door een gesprek van een uur heen.; If there are no urgent matters. Then it's just that at the beginning of the day you listen to the entire recording of the last 24 hours. If there is something urgent. Then we listen live. The first time I sit for an hour on a conversation that maybe only takes ten minutes. And that takes so much time to find out everything. And the other time you just cycle through a conversation of an hour.;;
67;De_Dienst_afl_3_seg_67;0 days 00:20:12.560000;0 days 00:20:14.560000;Liesbeth; Maar je moet wel al die gesprekken beluisteren.; But you have to listen to all those conversations.;;
68;De_Dienst_afl_3_seg_68;0 days 00:20:14.560000;0 days 00:20:19.560000;Andrea; Dus de tijd die gebeld is, die ben je sowieso in principe al kwijt aan het luisteren.; So the time that has been called. You are basically already listening to it.;;
69;De_Dienst_afl_3_seg_69;0 days 00:20:19.560000;0 days 00:20:22.560000;Liesbeth; Waarom kan dat zo lang duren?; Why can that take so long?;;
70;De_Dienst_afl_3_seg_70;0 days 00:20:22.560000;0 days 00:21:45.560000;Andrea; Omdat er bepaalde zaken misschien geïnterpreteerd kunnen of moeten worden. Iemand zegt niet altijd wat hij bedoelt. Kun je daar voorbeelden van geven? Iemand kan versluijdertaal gebruik gebruiken. Bijvoorbeeld, hij vertelt over een feestje waar hij naartoe gaat. En wie zegt dat hij naar een feestje gaat, kan heel wat anders betekenen. En dan moet ik toch even nadenken. Is er reden voor een feestje? Is er iemand jarig geweest of niet? Als ik dat soort dingen daarvan tevoren niet heb gemerkt, dat er een feestje aan zit te komen, dan kan dat feestje iets heel anders betekenen. Ik luister naar iemand's stem. Maar als ik een paar weken naar iemand geluisterd heb, dan ken ik hem echt wel heel aardig. Ja? Ja. Ik kan vaak horen of iemand ligt. Je merkt dat iemand heeft bepaalde afwerkingen bij zijn stem. Op een gegeven moment weet je wanneer je target dat doet. En zo kan je merken of iemand zenuwachtig is, of heel blij, of juist bedroefd, of hij ligt. Ben je weleens een target tegengekomen? Ja. Ik heb eens een kwartier lang naast een target gezeten in een wachtruimte. Oh ja? Ja. En we hebben elkaar keurige dag gezegd. En ik zat echt naast hem. En ik dacht, jij moest dus weten wat ik van jou weet.; Because certain things may or may not be interpreted. Someone does not always say what he means. Can you give examples of that? Someone can misuse language. For example, he tells about a party where he is going. And who says he's going to a party. Can mean a lot differently. And then I have to think about it. Is there a reason for a party? Has someone been there for years or not? And if I have not noticed these things beforehand. That there is a party coming up. Then that party can mean something very different. I listen to someone's voice. If I listened to someone for a few weeks. Then I really know him very well. Yes? Yes. I can often hear if someone is lying. You notice that certain ... Yes. Someone has certain differences in his voice. At the moment you know when your target does that. And so you can notice if someone is nervous. Or very happy. Or just concerned. Or he is lying. Have you come across his target? Yes. I have been sitting next to his target for a quarter of an hour. In a waiting room. Oh yes. Yes. And we said nice things to each other. And I was really next to him. And I thought you had to know what I know about you.;;
71;De_Dienst_afl_3_seg_71;0 days 00:21:45.560000;0 days 00:21:52.560000;music; En jij weet niets van mij. En dat is heel bizar. Hoe was dat? Nou, heel gek.; But how? And you know nothing about me. And that is a very bizarre feeling. How was that? Well, very crazy.;;
72;De_Dienst_afl_3_seg_72;0 days 00:21:52.560000;0 days 00:21:58.560000;Andrea; Ja. Want ik kon ook niks laten merken. Terwijl ik dacht, ik kan nu een gesprek aanknopen, zoals je misschien wel vaker in een wachtruimte hebt.; Yes. Because I couldn't notice anything either. While I thought I could start a conversation now.;;
73;De_Dienst_afl_3_seg_73;0 days 00:21:58.560000;0 days 00:21:59.560000;Liesbeth; Ja.; As you may often have in a waiting room.;;
74;De_Dienst_afl_3_seg_74;0 days 00:21:59.560000;0 days 00:22:19.560000;Andrea; En ik weet ook hoe ik het gesprek zo kan sturen dat het een heel gezellig gesprek wordt. Maar ik wil dat helemaal niet. Ik wilde eigenlijk gewoon weg. Maar dat kon ook niet. Nee. Dus dat kwartier hebben we uitgezeten. En niks gezegd tegen elkaar. Maar het is een heel raar gevoel. Ja.; Yes. And I also know how I can send the conversation so that it becomes a very pleasant conversation. But I didn't want that at all. I actually just wanted to leave. But I couldn't do that either. No. So we sat out that quarter. And said nothing to each other. But it is a very strange feeling. Yes.;;
75;De_Dienst_afl_3_seg_75;0 days 00:22:19.560000;0 days 00:22:24.560000;Liesbeth; Ja. Ook omdat iemand gewoon helemaal niet bewust is van het feit dat er überhaupt naar hem geluisterd wordt. Nee.; Also because someone is just not aware of the fact that he is being listened to at all. No.;;
76;De_Dienst_afl_3_seg_76;0 days 00:22:24.560000;0 days 00:22:36.560000;Andrea; Nee. En je hebt het idee alsof hij dat kan voelen. Of dat hij dat merkt aan je, dat je iets van hem weet. Maar dat is dus helemaal niet waar. Heb je wel eens een misdrijf gehoord?; No. No. And you have the idea that he can feel that. Or that he notices that you know something about him. But that is not true at all. Have you ever heard a crime?;;
77;De_Dienst_afl_3_seg_77;0 days 00:22:36.560000;0 days 00:22:40.560000;Liesbeth; Ja. Hoe? Wat? Dat is heel lang geleden.; Yes. How? What? That is a long time ago.;;
78;De_Dienst_afl_3_seg_78;0 days 00:22:40.560000;0 days 00:23:06.560000;Andrea; Toen hoorde ik dat iemand eigenlijk bekende dat hij iemand had omgebracht. En dan is onze zaak kapot. Dan is het klaar met het oorspronkelijke doel van de TAP. Dan wordt het OM ingelicht. Dan komt een AMS bericht. En dan wordt het op dat moment een zaak voor justitie. En dan is het handen los, zal ik maar zeggen. En dan is het heel jammer van onze zaak.; Then I heard someone actually confessing that he had killed someone. And then our case is broken. Then it is done with the original goal of the TAP. Then the OM is laid. There is an AMS report. And then at that moment it becomes a case for justice. And then it is, yes, hands off I would say. And then it is very unfortunate about our case.;;
79;De_Dienst_afl_3_seg_79;0 days 00:23:06.560000;0 days 00:23:12.560000;Liesbeth; Maar dat soort dingen gaan voor. Dus als wij Sander zoiets horen zeggen, dan is het meteen klaar?; Yes. But those kinds of things go ahead. So if we hear Sander say something like that. Then it is done right away.;;
80;De_Dienst_afl_3_seg_80;0 days 00:23:12.560000;0 days 00:23:21.560000;Andrea; Ja, dan is het klaar. Je weet niet wat je hoort. Precies. Maar je hoort zo'n gesprek, zo'n zinopbouwer ernaartoe.; Then it is done. You don't know what you are hearing. Exactly. But you hear that conversation. Such a building up of a sentence.;;
81;De_Dienst_afl_3_seg_81;0 days 00:23:21.560000;0 days 00:23:25.560000;Liesbeth; Wat gebeurt er dan met jou? Dan denk je echt van wat hoor ik nu? Is dit waar?; Yes. What happens to you then? Then you really think, what am I hearing now? Is this true?;;
82;De_Dienst_afl_3_seg_82;0 days 00:23:25.560000;0 days 00:23:32.560000;Andrea; En dan speel je het nog een keer af en haal je er iemand bij? Het is echt waar. En dan gaat er een balletje rollen.; And then you play it off again. And then you bring someone along. It is really true. And then a ball rolls.;;
83;De_Dienst_afl_3_seg_83;0 days 00:23:33.560000;0 days 00:23:45.560000;Liesbeth; Maar kan me ook voorstellen dat het andersom gebeurt. Dat je opeens de smoking gun hoort. Of dat je opeens hoort van nu hebben we hem. Ja, hartstikke leuk. Precies, wat gebeurt er dan? Dan ren ik naar de bewerker.; But can we also imagine that the other way around? And that is why you suddenly hear the Smoking Gun. Or that you suddenly hear, now we have it. Yes. Very nice. Exactly. What happens then?;;
84;De_Dienst_afl_3_seg_84;0 days 00:23:45.560000;0 days 00:24:15.560000;Andrea; En dan zeg ik, ik heb nou wat. We zitten op het goede spoor. Of het is in de roos. En dan gaat het team het verder overnemen. Ik heb vrij recent een tap gehad. En daar hoopten we iets op te horen te krijgen. En het bleek midden in de roos te zijn. Dan zeg je dan, yes, we zitten goed. Als er helemaal niks gebeurt op het tap, dan moet hij afgesloten worden. Dat is heel simpel.; Then I run to the contractor. And then I say, I have something. We are on the right track. Or yes, it is in the rose. And then the team will take over. Yes. I recently had a TAP. We call it a TAP. We had a TAP. And there we hoped to get something to hear. And it turned out to be in the middle of the rose. Then you say, yes. We are on the right track. Yes. If nothing happens on the TAP, then it has to be closed. Yes.;;
85;De_Dienst_afl_3_seg_85;0 days 00:24:15.560000;0 days 00:24:25.560000;Liesbeth; Wat kan ik eigenlijk verwachten van zo'n tap? Als Dana zo meteen Arsander gaat luisteren, waar gaat ze op letten? We luisteren met wie die contact heeft, met wie die veel contact heeft.; Because it is very simple. What can I expect from such a TAP? If Dana is going to listen to Sander in a moment. What are they going to pay attention to?;;
86;De_Dienst_afl_3_seg_86;0 days 00:24:25.560000;0 days 00:25:02.560000;Andrea; Dat wordt allemaal geïnventariseerd. En tussendoor leer ik zijn stem kennen. Dus ik leer ook voelen of luisteren wanneer zijn stem anders is dan normaal. Dat is sowieso al prettig om dat te hebben. En dan gaan we met name de gesprekken met de predekarren. Dan gaan we met name de gesprekken met de predekarren goed weergeven. Wat wordt er besproken? En dan hopen we op een uitglijder. Of dat hij ergens een winkel belt en informeert waar die stofjes kan krijgen.; We listen to who he has contact with, who he has a lot of contact with. That is all being invented. And in between I get to know his voice. So I also learn to feel or listen when his voice is different than normal. It is nice to have that anyway. And then we will mainly give the conversations with the preacher a good feedback. What is discussed there? And then we hope for a guide. Or that he calls a store somewhere and informs where he can get those fabrics, for example.;;
87;De_Dienst_afl_3_seg_87;0 days 00:25:02.560000;0 days 00:25:07.560000;Mixed; Bijvoorbeeld. Wanneer ga je aan de bel trekken?; When are you going to call him?;;
88;De_Dienst_afl_3_seg_88;0 days 00:25:07.560000;0 days 00:25:20.560000;Andrea; Als hij daadwerkelijk plannen bespreekt. En dat kan hij verhult doen. En dan moet je dus heel goed nadenken van waar hebben ze het nou werkelijk over. Maar het kan ook best zijn dat hij het openlijk bespreekt.; When he actually discusses plans. Yes. And he can do that in advance. Then you have to think very carefully about what they are really talking about. But it can also be that he discusses it openly.;;
89;De_Dienst_afl_3_seg_89;0 days 00:25:20.560000;0 days 00:25:22.560000;Liesbeth; Maar laten we...; But let's ...;;
90;De_Dienst_afl_3_seg_90;0 days 00:25:22.560000;0 days 00:25:24.560000;Andrea; In de praktijk gebeurt datzelfde.; In practice, the same thing happens.;;
91;De_Dienst_afl_3_seg_91;0 days 00:25:24.560000;0 days 00:25:34.560000;Liesbeth; Precies, gebeurt datzelfde. Wat zijn andere dingen waaruit wel een bepaalde intentie blijkt waarvan jij denkt, nou dat moeten we wel eens in de gaten houden. Want we gaan er even van uit dat ze slim genoeg zijn om dat soort plannen niet over de telefoon te bespreken.; Exactly, the same thing happens. What are other things that show a certain intention? From which you think, well, we have to keep an eye on that. Because we assume that they are smart enough to not discuss those kinds of plans over the phone.;;
92;De_Dienst_afl_3_seg_92;0 days 00:25:34.560000;0 days 00:25:59.560000;Andrea; Nee, dus dat merk je dan in de manier van praten dat hij om bepaalde onderwerpen heen praat. Of dat hij bepaalde afspraken gaat maken aan verandering in taalgebruik, woordgebruik. Dan weet je al dat hij iets probeert te verbergen. En dan is het toch met veel geduld wachten tot hij uit een uitglijder begaat. Er worden foutjes gemaakt.; No, so you notice that in the way he talks, that he talks about certain subjects. Or that he is going to make certain agreements. On change in language use, word use. Then you already know that he is trying to hide something. And then it is with a lot of patience waiting until he goes to a guide. There are mistakes made.;;
93;De_Dienst_afl_3_seg_93;0 days 00:26:04.560000;0 days 00:26:15.560000;Liesbeth; Naast de tappen loopt het Oostind onderzoek natuurlijk ook nog steeds. Zelf denk ik altijd best handig te zijn in dingen opgraven van het internet en googelen. Maar wat deze mensen doen is volgens mij toch wel andere koek.; The Ossint research In addition to the steps, the Ossint research is of course still ongoing. I always think it is quite convenient to be in things like digging up the internet and googling. But what these people do, I think, is quite different.;;
94;De_Dienst_afl_3_seg_94;0 days 00:26:15.560000;0 days 00:27:12.560000;Marja; Mijn mensen zijn dus echt de fulltime internetzoekers. Dit is Marja. Ze is teamleider van de afdeling Oostind. Je kan het zo gek niet bedenken of wij gaan echt op die manier aan het puzzelen. Kunnen we misschien iets met een foto die we al hebben van Sander. Kunnen we kijken of er nog meer foto's te vinden zijn. Hebben we bepaalde geografische informatie waar we wat mee kunnen. En wij kunnen ook nog dieper kijken op de social media. Allerlei platformen die er zijn. En hebben jullie dan ook heel andere tools dan iets als Bellincat? Over de tools die wij hebben, daar mag ik natuurlijk niet al te veel over zeggen. Maar ons werk lijkt in die zin best wel op wat Bellincat ook doet. Behalve dat wij dan gebonden zijn aan onze wet op de inlichting en veiligheidsdiensten.; My people are really full-time internet seekers. This is Marja. She is team leader of the Ossint department. You can't imagine how crazy it is that we are really going to puzzle in that way. Then maybe we can do something with a photo that we already have of Sander. Can we see if there are more photos to be found? Do we have certain geographical information that we can do something with? And we can also take a deeper look at the social media. All kinds of platforms that are there. And then do you have very different tools than something like Bellincat? About the tools that we have, of course I can't say too much about that. But in that sense, our work is quite similar to what Bellincat does. Except that we are bound to our law on enlightenment and security services.;;
95;De_Dienst_afl_3_seg_95;0 days 00:27:12.560000;0 days 00:27:17.560000;Liesbeth; Wat is er allemaal te vinden over iemand online? Heel veel.; What can be found about someone online? A lot.;;
96;De_Dienst_afl_3_seg_96;0 days 00:27:17.560000;0 days 00:27:51.560000;Marja; En ik denk dat mensen zich dat ook willen realiseren. Van wat je allemaal aan informatie online hebt staan. Ik denk eigenlijk dat mensen zich dat niet realiseren. Ja het ligt eraan. Wat hebben mensen echt inderdaad bewust door van wat ze hebben gedeeld. En wat staat er nog meer online waarvan ze inderdaad niet eens meer weten dat het online staat. Of misschien zijn ze zich helemaal niet bewust dat bepaalde websites ook andere gegevens van ze bewaart. En dat is voor ons natuurlijk. Als we naar onze targets kijken, zijn dat dingen waar wij op gaan zitten puzzelen.; Yes, and I think people want to realize that too. What you have all got to do with information online. Do you really think people don't realize something? Yes, that's what it's all about. What do people really consciously know about what they have shared? And what is there more online of which they actually no longer even know that it is online? Or maybe they are not aware at all that certain websites also keep other data from them. And that is of course for us. When we look at our targets, those are the things we are going to puzzle on.;;
97;De_Dienst_afl_3_seg_97;0 days 00:27:54.560000;0 days 00:28:01.560000;Liesbeth; Wat voor trucs ze precies allemaal voor handen hebben, gaat ze me natuurlijk niet vertellen. Maar is er een klein tipje van de sluier op te lichten?; Of course, they are not going to tell me what kind of tricks they have in their hands. But is there a little tip from the shutter?;;
98;De_Dienst_afl_3_seg_98;0 days 00:28:01.560000;0 days 00:29:10.560000;Marja; Er zijn heel veel oceanthobbyisten. En die delen bijvoorbeeld afbeeldingen ofzo. Met de vraag van, waar is deze foto gemaakt? En daar gaan dan dus mensen helemaal op los. Om te kijken aan de hand van, wat zijn de schaduwen die je op zo'n foto ziet? Zijn er bepaalde specifieke dingen die we in kunnen zoomen? Kunnen we met reverse image search, kunnen we daar iets mee? Je kan er echt helemaal op los gaan. En dat doen mijn mensen dus. Je moet ook slim creatief zoeken. En soms ook gewoon de krochten van het internet in. plekken waar je als gemiddelde internetgebruiker nooit komt. En wat voor plekken zijn dat? Nou bijvoorbeeld het darkweb. Dat is ook onderdeel ervan? Ja, alles waar we gewoon zonder... Eigenlijk als iedere burger erbij kan, en erbij kunnen er ook bij. Dat is nog open bronnen. Dus als het voor iedereen toegankelijk is, dan mogen wij er gebruik van maken.; There are a lot of ocean hobbyists. And they share images with the question of where this photo was taken. And that's where people go all out. To look at the hand of what are the shadows you see on such a photo? Are there certain specific things we can zoom in on? Can we do something with the reverse image search? You can really go all out and people do that. You also have to be smart and creative. And sometimes just go into the crux of the internet. Places where you may never come as an average internet user. And what kind of places are those? Well, for example the dark web. That is also a part of it? Yes, everything we can do without... Actually, if every citizen can join and can also join, that is still open source. So if it is accessible to everyone, we can make use of it.;;
99;De_Dienst_afl_3_seg_99;0 days 00:29:10.560000;0 days 00:29:20.560000;Liesbeth; Ik kan me voorstellen dat als je gaat grasduinen in plekken waar mensen niet veel komen, online. Dat je een hoop dingen gaat tegenkomen die je eigenlijk niet wil zien. Zeker.; I can imagine that when you go to graze in places where people don't want to go online. That you are going to encounter a lot of things that you actually don't want to see. Certainly.;;
100;De_Dienst_afl_3_seg_100;0 days 00:29:20.560000;0 days 00:30:17.560000;Marja; Dat is ook echt zeker wel een van de dingen die minder kunnen zijn aan deze functie. Ik heb toevallig onlangs nog een workshop gedaan met mijn mensen. Die ging over het omgaan met schokkende beelden. Omdat dat inderdaad iets is wat realistisch is. En heel veel mensen zullen dan direct denken aan de filmpjes van de onthoofdingen. Die natuurlijk binnen het contraterrorisme domein vooral een aantal jaren geleden heel veel online rondgingen. Maar we lopen ook, als je diepgraafd online in de leven van mensen, kom je ook dingen tegen als kinderporno of hele andere nare beelden. Hier werken ook gewoon ouders van jonge kinderen. En als je dat soort dingen in onderzoeken tegenkomt, dat kan heel heftig zijn. En dat blijft ook wel hangen.; That is certainly one of the things that can be less of a part of this function. I recently did a workshop with my people. That was about dealing with shocked images. Because that is indeed something that is realistic. And a lot of people will immediately think of the videos of the beheadings. Of course within the counter-terrorism domain. Especially a number of years ago, a lot of people went online. But yes, we also walk... If you dig deep online in the lives of people, you also encounter things like child porn. Or very other, yes, nasty images. Here also just work parents of young children. And if you encounter those kinds of things in research, that can be very intense. And that also remains hanging.;;
101;De_Dienst_afl_3_seg_101;0 days 00:30:17.560000;0 days 00:30:28.560000;Liesbeth; Hoe kijk jij naar, dat is toch redelijk iets van de laatste jaren, dat mensen heel veel op Facebook zetten, Instagram. Ik ben zelf heel actief op social media. Hoe kijk jij daarnaar?; How do you look at it? That's something from the last few years. That people put a lot on Facebook, Instagram. I myself am very active on social media. How do you look at it?;;
102;De_Dienst_afl_3_seg_102;0 days 00:30:28.560000;0 days 00:30:58.560000;Marja; Nou ja, vanuit een professioneel oogpunt zijn we daar natuurlijk heel blij om. Dat het internet zo enthousiast gebruikt wordt door iedereen. Wat durf jij nog op het internet te doen, privé? Nou, doordat ik hier bij deze afdeling werk, is het niet dat ik daar heel paranoïa over ben geworden hoor. Ik denk dat het vooral het werk bij de dienst, dat je wat meer alert bent überhaupt op wat je wel en niet op internet achterlaat.; Well, from a professional point of view, we are of course very happy about that. That the internet is used so enthusiastically by everyone. What else do you dare to do on the internet, privately? Well, because I work here at this department, it's not that I'm very paranoid about it. I think it's mainly the work at the service that you are more alert about what you don't leave behind on the internet.;;
103;De_Dienst_afl_3_seg_103;0 days 00:30:58.560000;0 days 00:31:01.560000;Liesbeth; Maar heb je social media-accounts?; But do you have social media accounts?;;
104;De_Dienst_afl_3_seg_104;0 days 00:31:01.560000;0 days 00:31:38.560000;Marja; Beperkt, ja. Dus wat betekent dat? Nou ja, ik heb niet zo veel social media-accounts, nee. Ik zou inderdaad gewoon jezelf af en toe even googlen. En misschien haal je dan al dingen naar boven dat je denkt, oh, ik wist niet dat dat ook nog... een website die je 15 jaar geleden ooit hebt gehad, dat daar nog foto's op staan. Maar ja, ik kan altijd een recherchebureau naar jou laten zoeken. Die zouden dit soort oosindzoekslagen ook kunnen doen.; Limited, yes. So what does that mean? Well, I don't have that many social media accounts, no, no. Indeed, I would just google myself from time to time. And maybe you'll get things up, that you think, oh, I didn't know that that was also a website that you once had 15 years ago. That there are still photos on it. But yes, I can always have a research agency looking for you. They could also do this kind of Ossint search.;;
105;De_Dienst_afl_3_seg_105;0 days 00:31:38.560000;0 days 00:31:48.560000;Liesbeth; Ik word hier heel enthousiast van, want het is wel een stiekem hobby van mij om eindeloos lang dingen uit te zoeken online. Dus ik ben benieuwd, wat zijn de pro's te weten gekomen over Sander?; I get very enthusiastic about this, because it is a secret hobby of mine to endlessly look for things online. So I'm curious, what did the pros know about Sander?;;
106;De_Dienst_afl_3_seg_106;0 days 00:31:48.560000;0 days 00:33:04.560000;Marja; De internet-investigators zijn aan de slag gegaan en die hebben gezocht naar media-uitlatingen van Sander. En die zijn gestuid op een filmpje, een fragment van een filmpje van een omstander bij de demo op de Dam. Behind bars? Ja. Er is schijnbaar een soort opstootje geweest. Er waren wat mensen aan het duwen en trekken en er waren veel emoties aan de hand daar. Op dat filmpje is een jonge man te zien en die roept naar de omstanders, we gaan de oorlog terugbrengen naar de ongelovigen en we brengen de oorlog terug naar Nederland. En dat filmpje hebben mijn mensen onderkend en ook gezien dat dat waarschijnlijk Sander is. Dus zij hebben dat filmpje ook besproken met het team en de analist van het team, Leonie, heeft er ook naar gekeken en heeft inderdaad bevestigd dat dat inderdaad Sander is. Dus ik heb inmiddels ook begrepen dat teamhoofd Bart heeft besloten dat er op basis van deze aanvullende informatie nu genoeg is om ook een tap te gaan aansluiten op Sander.; The internet investigators went to battle. And they looked for media releases of Sander. And they stumbled upon a video. A fragment of a video of an incident at the demo on the Dam. The behind bars? Yes. There has apparently been a kind of upheaval. There were some people pushing and pulling. And there were a lot of emotions going on there. And in that video you can see a young man. And he calls out to the circumstances. We're going to bring the war back. To the unbelievers. And we're bringing the war back to the Netherlands. And people have recognized that video. And also seen that it's probably Sander. So they have also discussed that video with the team. And the analyst of the team, Leonie, has also looked at it. And has indeed confirmed that it is indeed Sander. So I have now also understood that team leader Bart has decided that based on this information... ...is now enough to also take a step towards Sander.;;
107;De_Dienst_afl_3_seg_107;0 days 00:33:07.560000;0 days 00:33:15.560000;Mixed; Hoe kijk jij naar een zaak als dit? Wat denk je hiervan? Nou ja, dit is denk ik een zaak die heel typisch is; How do you look at a case like this? What do you think of this? Well, I think this is a case that is very typical for CT cases that we do.;;
108;De_Dienst_afl_3_seg_108;0 days 00:33:15.560000;0 days 00:34:24.560000;Marja; voor type CT-zaken die we doen. CT kenmerkt zich vaak door dat je terroristen die inderdaad een soort open hun plot communiceren en daar heel duidelijk over van met deze mensen ga ik even kort door de bocht een aanslag plegen. Die zijn er niet. Dus je bent altijd aan het puzzelen van oké, intensie, potentie. Is hier nou echt iets aan de hand of is dit gewoon meer grootspraak? Is dit een legitiem, is iemand legitiem op reis of is dit een uitreis? Het zijn altijd die dilemma's die maken dat je zo'n onderzoek gewoon steeds een soort, je hebt een hypothese en daar werk je mee. Maar je moet ook altijd open blijven staan voor dat er een heel ander scenario zich aan de ontvouw is. Dus terroristen die gaan ook op vakantie. Dus is het een uitreis of is het een vakantie?; CT is often characterized by terrorists who indeed communicate their plot in a kind of open way. And very clearly about that. Oh, and with these people I'm going to... In short, through the bend, they are not there. So you're always puzzling about, okay, intention, potential. Do you really see something going on here? Or is this just more general speech? Is this a legitimate... Is someone going to travel legitimately or is this an outing? There are always those dilemmas that make such a research... ...you always have a hypothesis and you work with it. But you always have to remain open to the fact that a very different scenario is unfolding. So terrorists also go on vacation. So is it an outing or is it a vacation? And with that in mind, my third day at work is over.;;
109;De_Dienst_afl_3_seg_109;0 days 00:34:24.560000;0 days 00:34:38.560000;Mixed; Ja, zeg het maar. En met die overweging zit mijn derde dag bij de dienst erop.; I now know what to do when I meet Dana or Bart at the bus stop. The Oostind investigation is not over, they keep an eye on Sander. And the door is closed.;;
110;De_Dienst_afl_3_seg_110;0 days 00:34:38.560000;0 days 00:35:18.560000;Liesbeth; Ik weet nu in ieder geval wat me te doen staat als ik Dana of Bart zo meteen bij de bushalte tegenkom. Het Oostindonderzoek is niet afgerond, ze blijven Sander in de gaten houden. En de tap wordt aangesloten. Wat bespreekt hij met de prediker? Hoeveel zorgen moeten we ons maken? Je hoort het in aflevering 4 van de dienst. Dit was de derde aflevering van de dienst, een podcast van de AIVD. Abonneer je nu zodat je niets van het onderzoek hoeft te missen en laat ons vooral weten wat je van deze serie vindt via een recensie in je favoriete podcast-app.; And the door is closed. And the door is closed. And the door is closed. And the door is closed. The Oostind investigation is not over, they keep an eye on Sander. And the door is closed. What is he discussing with the preacher? How much concern should we have? You will hear it in episode 4 of The Dienst. This was the third episode of The Dienst, a podcast by the AIVD. Subscribe now so you don't miss any of the research. And know what you think of this series through a review in your favourite podcast app.;;
